"argument","value","context"
"GGIR_version","Could not retrieve GGIR version"," not applicable"
"R_version","R version 4.0.5 (2021-03-31)"," not applicable"
"backup.cal.coef","retrieve","Calibration, Feature extraction, Epoch size, Time zone"
"chunksize","1","Calibration, Feature extraction, Epoch size, Time zone"
"configtz","c()","Calibration, Feature extraction, Epoch size, Time zone"
"dayborder","0","Calibration, Feature extraction, Epoch size, Time zone"
"do.anglex","FALSE","Calibration, Feature extraction, Epoch size, Time zone"
"do.angley","FALSE","Calibration, Feature extraction, Epoch size, Time zone"
"do.anglez","TRUE","Calibration, Feature extraction, Epoch size, Time zone"
"do.bfen","FALSE","Calibration, Feature extraction, Epoch size, Time zone"
"do.cal","TRUE","Calibration, Feature extraction, Epoch size, Time zone"
"do.dev_roll_med_acc_x","FALSE","Calibration, Feature extraction, Epoch size, Time zone"
"do.dev_roll_med_acc_y","FALSE","Calibration, Feature extraction, Epoch size, Time zone"
"do.dev_roll_med_acc_z","FALSE","Calibration, Feature extraction, Epoch size, Time zone"
"do.en","FALSE","Calibration, Feature extraction, Epoch size, Time zone"
"do.enmo","TRUE","Calibration, Feature extraction, Epoch size, Time zone"
"do.enmoa","FALSE","Calibration, Feature extraction, Epoch size, Time zone"
"do.hfen","FALSE","Calibration, Feature extraction, Epoch size, Time zone"
"do.hfenplus","FALSE","Calibration, Feature extraction, Epoch size, Time zone"
"do.lfen","FALSE","Calibration, Feature extraction, Epoch size, Time zone"
"do.lfenmo","FALSE","Calibration, Feature extraction, Epoch size, Time zone"
"do.mad","FALSE","Calibration, Feature extraction, Epoch size, Time zone"
"do.roll_med_acc_x","FALSE","Calibration, Feature extraction, Epoch size, Time zone"
"do.roll_med_acc_y","FALSE","Calibration, Feature extraction, Epoch size, Time zone"
"do.roll_med_acc_z","FALSE","Calibration, Feature extraction, Epoch size, Time zone"
"dynrange","c()","Calibration, Feature extraction, Epoch size, Time zone"
"hb","15","Calibration, Feature extraction, Epoch size, Time zone"
"lb","0.5","Calibration, Feature extraction, Epoch size, Time zone"
"minloadcrit","72","Calibration, Feature extraction, Epoch size, Time zone"
"myfun","c()","Calibration, Feature extraction, Epoch size, Time zone"
"n","4","Calibration, Feature extraction, Epoch size, Time zone"
"print.filename","TRUE","Calibration, Feature extraction, Epoch size, Time zone"
"printsummary","TRUE","Calibration, Feature extraction, Epoch size, Time zone"
"windowsizes","c(5,900,3600)","Calibration, Feature extraction, Epoch size, Time zone"
"acc.metric","ENMO","General parameters"
"bout.metric","4","General parameters"
"config_file_in_outputdir","/vf/users/guow4/project0/GGIR/postGGIR/postGGIR_compile/v2/example/GGIR/output_binfile/config.csv","General parameters"
"data_cleaning_file","c()","General parameters"
"datadir","/vf/users/guow4/project0/GGIR/postGGIR/postGGIR_compile/v2/example/GGIR/binfile","General parameters"
"desiredtz","Europe/Zurich","General parameters"
"do.bfx","FALSE","General parameters"
"do.bfy","FALSE","General parameters"
"do.bfz","FALSE","General parameters"
"do.hfx","FALSE","General parameters"
"do.hfy","FALSE","General parameters"
"do.hfz","FALSE","General parameters"
"do.lfx","FALSE","General parameters"
"do.lfy","FALSE","General parameters"
"do.lfz","FALSE","General parameters"
"do.parallel","TRUE","General parameters"
"do.report","c(2,4,5)","General parameters"
"do.sgAccEN","TRUE","General parameters"
"do.sgAnglex","FALSE","General parameters"
"do.sgAngley","FALSE","General parameters"
"do.sgAnglez","FALSE","General parameters"
"do.sibreport","FALSE","General parameters"
"do.zcx","FALSE","General parameters"
"do.zcy","FALSE","General parameters"
"do.zcz","FALSE","General parameters"
"excludefirst.part4","FALSE","General parameters"
"excludelast.part4","FALSE","General parameters"
"f0","1","General parameters"
"f1","3","General parameters"
"frag.metrics","c()","General parameters"
"GGIR_version","Could not retrieve GGIR version","General parameters"
"GGIRversion"," 2.4-0","General parameters"
"HASIB.algo","vanHees2015","General parameters"
"HASPT.algo","HDCZA","General parameters"
"HASPT.ignore.invalid","FALSE","General parameters"
"i","49","General parameters"
"idloc","1","General parameters"
"includedaycrit.part5","0.666666666666667","General parameters"
"interpolationType","1","General parameters"
"isna","FALSE","General parameters"
"L5M5window","c(0,24)","General parameters"
"LUX_cal_constant","c()","General parameters"
"LUX_cal_exponent","c()","General parameters"
"LUX_day_segments","c()","General parameters"
"LUXthresholds","c(0,100,500,1000,3000,5000,10000)","General parameters"
"maxNcores","c()","General parameters"
"minimum_MM_length.part5","23","General parameters"
"minimumFileSizeMB","2","General parameters"
"mode","c(1,2,3,4,5)","General parameters"
"MX.ig.min.dur","10","General parameters"
"outputdir","/vf/users/guow4/project0/GGIR/postGGIR/postGGIR_compile/v2/example/GGIR","General parameters"
"overwrite","FALSE","General parameters"
"part5_agg2_60seconds","FALSE","General parameters"
"R_version","R version 4.0.3 (2020-10-10)","General parameters"
"relyonguider","FALSE","General parameters"
"rmc.bitrate","c()","General parameters"
"rmc.check4timegaps","FALSE","General parameters"
"rmc.col.acc","c(1,2,3)","General parameters"
"rmc.col.temp","c()","General parameters"
"rmc.col.time","c()","General parameters"
"rmc.col.wear","c()","General parameters"
"rmc.dec",".","General parameters"
"rmc.desiredtz","","General parameters"
"rmc.doresample","FALSE","General parameters"
"rmc.dynamic_range","c()","General parameters"
"rmc.firstrow.acc","c()","General parameters"
"rmc.firstrow.header","c()","General parameters"
"rmc.format.time","%Y-%m-%d %H:%M:%OS","General parameters"
"rmc.header.length","c()","General parameters"
"rmc.header.structure","c()","General parameters"
"rmc.headername.recordingid","c()","General parameters"
"rmc.headername.sf","c()","General parameters"
"rmc.headername.sn","c()","General parameters"
"rmc.noise","FALSE","General parameters"
"rmc.origin","1970-01-01","General parameters"
"rmc.sf","c()","General parameters"
"rmc.unit.acc","g","General parameters"
"rmc.unit.temp","C","General parameters"
"rmc.unit.time","POSIX","General parameters"
"rmc.unsignedbit","TRUE","General parameters"
"Sadeh_axis","","General parameters"
"save_ms5raw_format","csv","General parameters"
"save_ms5raw_without_invalid","TRUE","General parameters"
"selectdaysfile","c()","General parameters"
"sensor.location","wrist","General parameters"
"sleeplogsep",",","General parameters"
"sleepwindowType","SPT","General parameters"
"storefolderstructure","FALSE","General parameters"
"studyname","Example","General parameters"
"tmp","1","General parameters"
"vecchar","list","General parameters"
"week_weekend_aggregate.part5","FALSE","General parameters"
"anglethreshold","5","Parameters sleep detection"
"constrain2range","TRUE","Parameters sleep detection"
"ignorenonwear","TRUE","Parameters sleep detection"
"timethreshold","5","Parameters sleep detection"
"colid","1","Parameters sleep period time detection with or wihout sleeplog"
"coln1","1","Parameters sleep period time detection with or wihout sleeplog"
"criterror","0","Parameters sleep period time detection with or wihout sleeplog"
"def.noc.sleep","1","Parameters sleep period time detection with or wihout sleeplog"
"do.visual","TRUE","Parameters sleep period time detection with or wihout sleeplog"
"excludefirstlast","FALSE","Parameters sleep period time detection with or wihout sleeplog"
"includenightcrit","16","Parameters sleep period time detection with or wihout sleeplog"
"loglocation","c()","Parameters sleep period time detection with or wihout sleeplog"
"nnights","14","Parameters sleep period time detection with or wihout sleeplog"
"outliers.only","FALSE","Parameters sleep period time detection with or wihout sleeplog"
"relyonsleeplog","FALSE","Parameters sleep period time detection with or wihout sleeplog"
"sleeplogidnum","FALSE","Parameters sleep period time detection with or wihout sleeplog"
"boutcriter.in","0.9","Parameters time-use variables"
"boutcriter.lig","0.8","Parameters time-use variables"
"boutcriter.mvpa","0.8","Parameters time-use variables"
"boutdur.in","c(10,20,30)","Parameters time-use variables"
"boutdur.lig","c(1,5,10)","Parameters time-use variables"
"boutdur.mvpa","c(1,5,10)","Parameters time-use variables"
"excludefirstlast.part5","FALSE","Parameters time-use variables"
"save_ms5rawlevels","FALSE","Parameters time-use variables"
"threshold.lig","c(30,40,50)","Parameters time-use variables"
"threshold.mod","c(100,120,125)","Parameters time-use variables"
"threshold.vig","c(400,500)","Parameters time-use variables"
"timewindow","WW","Parameters time-use variables"
"boutcriter","0.8","Study design, Parameters descriptive analysis"
"closedbout","FALSE","Study design, Parameters descriptive analysis"
"do.imp","TRUE","Study design, Parameters descriptive analysis"
"do.part3.pdf","TRUE","Study design, Parameters descriptive analysis"
"epochvalues2csv","TRUE","Study design, Parameters descriptive analysis"
"hrs.del.end","0","Study design, Parameters descriptive analysis"
"hrs.del.start","0","Study design, Parameters descriptive analysis"
"iglevels","c()","Study design, Parameters descriptive analysis"
"ilevels","c(0,50,100,150,200,250,300,350,400,8000)","Study design, Parameters descriptive analysis"
"includedaycrit","16","Study design, Parameters descriptive analysis"
"IVIS_epochsize_seconds",NA,"Study design, Parameters descriptive analysis"
"IVIS_windowsize_minutes","60","Study design, Parameters descriptive analysis"
"IVIS.activity.metric","2","Study design, Parameters descriptive analysis"
"M5L5res","10","Study design, Parameters descriptive analysis"
"maxdur","15","Study design, Parameters descriptive analysis"
"mvpadur","c(1,5,10)","Study design, Parameters descriptive analysis"
"mvpathreshold","125","Study design, Parameters descriptive analysis"
"ndayswindow","7","Study design, Parameters descriptive analysis"
"qlevels","c(0.958333333333333,0.979166666666667)","Study design, Parameters descriptive analysis"
"qM5L5","c()","Study design, Parameters descriptive analysis"
"qwindow","c(0,24)","Study design, Parameters descriptive analysis"
"strategy","1","Study design, Parameters descriptive analysis"
"TimeSegments2ZeroFile","c()","Study design, Parameters descriptive analysis"
"window.summary.size","10","Study design, Parameters descriptive analysis"
"winhr","c(5,10)","Study design, Parameters descriptive analysis"
"dofirstpage","TRUE","Visual report"
"viewingwindow","1","Visual report"
"visualreport","TRUE","Visual report"
