"feature","domain","jive","ID001__028931_2017-12-05-10-45-13.bin","ID002__028965_2017-12-05-10-38-41.bin","ID003__028934_2017-12-05-10-23-03.bin"
"sleeponset","SL","J","0","0","0"
"wakeup","SL","J","0","0","0"
"number_sib_wakinghours","SL","J","0","0","0"
"SleepDurationInSpt","SL","J","0","0","0"
"sleep_Midpoint","SL","J","0","0","0"
"sleep_efficiency","SL","J","0","0","0"
"N_atleast5minwakenight","SL","J","0","0","0"
"ACC_spt_sleep_mg","SL","J","0","0","0"
"Nblocks_spt_sleep","SL","J","0","0","0"
"sd_sleeponset","SL","J","0","0","0"
"sd_wakeup","SL","J","0","0","0"
"sd_number_sib_wakinghours","SL","J","0","0","0"
"sd_SleepDurationInSpt","SL","J","0","0","0"
"sd_sleep_Midpoint","SL","J","0","0","0"
"sd_sleep_efficiency","SL","J","0","0","0"
"sd_N_atleast5minwakenight","SL","J","0","0","0"
"sd_ACC_spt_sleep_mg","SL","J","0","0","0"
"sd_Nblocks_spt_sleep","SL","J","0","0","0"
"TAC","PA","J","0","0","0"
"TLAC","PA","J","0","0","0"
"TAC_24h","PA","J","0","0","0"
"TLAC_24h","PA","J","0","0","0"
"sed_dur","PA","J","0","0","0"
"light_dur","PA","J","0","0","0"
"mod_dur","PA","J","0","0","0"
"vig_dur","PA","J","0","0","0"
"MVPA_dur","PA","J","0","0","0"
"sed_dur_M10","PA","J","0","0","0"
"light_dur_M10","PA","J","0","0","0"
"mod_dur_M10","PA","J","0","0","0"
"vig_dur_M10","PA","J","0","0","0"
"MVPA_dur_M10","PA","J","0","0","0"
"sed_dur_24h","PA","J","0","0","0"
"light_dur_24h","PA","J","0","0","0"
"mod_dur_24h","PA","J","0","0","0"
"vig_dur_24h","PA","J","0","0","0"
"MVPA_dur_24h","PA","J","0","0","0"
"mean_r","PA","J","0","0","0"
"mean_a","PA","J","0","0","0"
"SATP","PA","J","0","0","0"
"ASTP","PA","J","0","0","0"
"Gini_r","PA","J","0","0","0"
"Gini_a","PA","J","0","0","0"
"alpha_r","PA","J","0","0","0"
"alpha_a","PA","J","0","0","0"
"h_r","PA","J","0","0","0"
"h_a","PA","J","0","0","0"
"dur_day_total_IN_min","PA","J","0","0","0"
"dur_day_total_LIG_min","PA","J","0","0","0"
"dur_day_total_MOD_min","PA","J","0","0","0"
"dur_day_total_VIG_min","PA","J","0","0","0"
"dur_day_MVPA_bts_10_min","PA","J","0","0","0"
"dur_day_MVPA_bts_5_10_min","PA","J","0","0","0"
"dur_day_MVPA_bts_1_5_min","PA","J","0","0","0"
"Nbouts_day_IN_bts_30","PA","J","0","0","0"
"Nbouts_day_IN_bts_20_30","PA","J","0","0","0"
"Nbouts_day_IN_bts_10_20","PA","J","0","0","0"
"Nbouts_day_LIG_bts_5_10","PA","J","0","0","0"
"Nbouts_day_LIG_bts_1_5","PA","J","0","0","0"
"Nbouts_day_MVPA_bts_10","PA","J","0","0","0"
"Nbouts_day_MVPA_bts_5_10","PA","J","0","0","0"
"Nbouts_day_MVPA_bts_1_5","PA","J","0","0","0"
"Nblocks_day_total_IN","PA","J","0","0","0"
"Nblocks_day_total_LIG","PA","J","0","0","0"
"Nblocks_day_total_MOD","PA","J","0","0","0"
"Nblocks_day_total_VIG","PA","J","0","0","0"
"sd_TAC","PA","J","0","0","0"
"sd_TLAC","PA","J","0","0","0"
"sd_TAC_24h","PA","J","0","0","0"
"sd_TLAC_24h","PA","J","0","0","0"
"sd_sed_dur","PA","J","0","0","0"
"sd_light_dur","PA","J","0","0","0"
"sd_mod_dur","PA","J","0","0","0"
"sd_vig_dur","PA","J","0","0","0"
"sd_MVPA_dur","PA","J","0","0","0"
"sd_sed_dur_M10","PA","J","0","0","0"
"sd_light_dur_M10","PA","J","0","0","0"
"sd_mod_dur_M10","PA","J","0","0","0"
"sd_vig_dur_M10","PA","J","0","0","0"
"sd_MVPA_dur_M10","PA","J","0","0","0"
"sd_sed_dur_24h","PA","J","0","0","0"
"sd_light_dur_24h","PA","J","0","0","0"
"sd_mod_dur_24h","PA","J","0","0","0"
"sd_vig_dur_24h","PA","J","0","0","0"
"sd_MVPA_dur_24h","PA","J","0","0","0"
"sd_mean_r","PA","J","0","0","0"
"sd_mean_a","PA","J","0","0","0"
"sd_SATP","PA","J","0","0","0"
"sd_ASTP","PA","J","0","0","0"
"sd_Gini_r","PA","J","0","0","0"
"sd_Gini_a","PA","J","0","0","0"
"sd_alpha_r","PA","J","0","0","0"
"sd_alpha_a","PA","J","0","0","0"
"sd_h_r","PA","J","0","0","0"
"sd_h_a","PA","J","0","0","0"
"sd_dur_day_total_IN_min","PA","J","0","0","0"
"sd_dur_day_total_LIG_min","PA","J","0","0","0"
"sd_dur_day_total_MOD_min","PA","J","0","0","0"
"sd_dur_day_total_VIG_min","PA","J","0","0","0"
"sd_dur_day_MVPA_bts_10_min","PA","J","0","0","0"
"sd_dur_day_MVPA_bts_5_10_min","PA","J","0","0","0"
"sd_dur_day_MVPA_bts_1_5_min","PA","J","0","0","0"
"sd_Nbouts_day_IN_bts_30","PA","J","0","0","0"
"sd_Nbouts_day_IN_bts_20_30","PA","J","0","0","0"
"sd_Nbouts_day_IN_bts_10_20","PA","J","0","0","0"
"sd_Nbouts_day_LIG_bts_5_10","PA","J","0","0","0"
"sd_Nbouts_day_LIG_bts_1_5","PA","J","0","0","0"
"sd_Nbouts_day_MVPA_bts_10","PA","J","0","0","0"
"sd_Nbouts_day_MVPA_bts_5_10","PA","J","0","0","0"
"sd_Nbouts_day_MVPA_bts_1_5","PA","J","0","0","0"
"sd_Nblocks_day_total_IN","PA","J","0","0","0"
"sd_Nblocks_day_total_LIG","PA","J","0","0","0"
"sd_Nblocks_day_total_MOD","PA","J","0","0","0"
"sd_Nblocks_day_total_VIG","PA","J","0","0","0"
"L5TIME_num","CR","J","0","0","0"
"M10TIME_num","CR","J","0","0","0"
"L5VALUE","CR","J","0","0","0"
"M10VALUE","CR","J","0","0","0"
"RA_ggir","CR","J","0","0","0"
"L5","CR","J","0","0","0"
"M10","CR","J","0","0","0"
"L5TIME","CR","J","0","0","0"
"M10TIME","CR","J","0","0","0"
"RA","CR","J","0","0","0"
"IV","CR","J","0","0","0"
"IS","CR","J","0","0","0"
"IV_intradailyvariability","CR","J","0","0","0"
"IS_interdailystability","CR","J","0","0","0"
"mesor","CR","J","0","0","0"
"amp","CR","J","0","0","0"
"acro","CR","J","0","0","0"
"mesor_L","CR","J","0","0","0"
"amp_L","CR","J","0","0","0"
"acro_L","CR","J","0","0","0"
"PC1","CR","J","0","0","0"
"PC2","CR","J","0","0","0"
"PC3","CR","J","0","0","0"
"PC4","CR","J","0","0","0"
"PC5","CR","J","0","0","0"
"PC6","CR","J","0","0","0"
"PC7","CR","J","0","0","0"
"PC8","CR","J","0","0","0"
"PC9","CR","J","0","0","0"
"PC10","CR","J","0","0","0"
"sd_L5TIME_num","CR","J","0","0","0"
"sd_M10TIME_num","CR","J","0","0","0"
"sd_L5VALUE","CR","J","0","0","0"
"sd_M10VALUE","CR","J","0","0","0"
"sd_RA_ggir","CR","J","0","0","0"
"sd_L5","CR","J","0","0","0"
"sd_M10","CR","J","0","0","0"
"sd_L5TIME","CR","J","0","0","0"
"sd_M10TIME","CR","J","0","0","0"
"sd_RA","CR","J","0","0","0"
"sd_IV","CR","J","0","0","0"
"sleeponset","SL","A","-0.0040815251890746","-0.00469304208661951","0.00877456727569412"
"wakeup","SL","A","-0.0040815251890746","-0.00469304208661952","0.00877456727569412"
"number_sib_wakinghours","SL","A","0.00370672806548062","0.00426209076487371","-0.00796881883035433"
"SleepDurationInSpt","SL","A","1.23179025611711e-05","1.41634395135415e-05","-2.64813420747126e-05"
"sleep_Midpoint","SL","A","-0.0040815251890746","-0.00469304208661951","0.00877456727569412"
"sleep_efficiency","SL","A","0.00390145708079327","0.00448599516874569","-0.00838745224953896"
"N_atleast5minwakenight","SL","A","-0.00394588835674606","-0.00453708338659299","0.00848297174333906"
"ACC_spt_sleep_mg","SL","A","-0.00394588835674606","-0.00453708338659299","0.00848297174333906"
"Nblocks_spt_sleep","SL","A","-0.00394588835674606","-0.00453708338659299","0.00848297174333906"
"sd_sleeponset","SL","A","0.00191128471348935","0.00219764406304001","-0.00410892877652936"
"sd_wakeup","SL","A","-0.00394588835674606","-0.00453708338659299","0.00848297174333906"
"sd_number_sib_wakinghours","SL","A","-0.00394588835674606","-0.00453708338659299","0.00848297174333906"
"sd_SleepDurationInSpt","SL","A","-0.00394588835674606","-0.00453708338659299","0.00848297174333906"
"sd_sleep_Midpoint","SL","A","-0.00394588835674606","-0.00453708338659299","0.00848297174333906"
"sd_sleep_efficiency","SL","A","-0.00394588835674606","-0.00453708338659299","0.00848297174333906"
"sd_N_atleast5minwakenight","SL","A","-0.00394588835674606","-0.00453708338659299","0.00848297174333906"
"sd_ACC_spt_sleep_mg","SL","A","0.00191128471348935","0.00219764406304001","-0.00410892877652936"
"sd_Nblocks_spt_sleep","SL","A","-0.00394588835674606","-0.00453708338659299","0.00848297174333906"
"TAC","PA","A","0.00156596930772698","-0.00149486413479322","-7.11051729337691e-05"
"TLAC","PA","A","0.00156596930772698","-0.00149486413479322","-7.11051729337691e-05"
"TAC_24h","PA","A","0.00156596930772698","-0.00149486413479322","-7.11051729337691e-05"
"TLAC_24h","PA","A","0.00156596930772698","-0.00149486413479322","-7.11051729337691e-05"
"sed_dur","PA","A","-0.00184521860322467","0.00176143369937279","8.37849038518784e-05"
"light_dur","PA","A","0.00156596930772698","-0.00149486413479322","-7.11051729337691e-05"
"mod_dur","PA","A","-0.00182785078466888","0.00174485449253232","8.2996292136567e-05"
"vig_dur","PA","A","0.00156596930772698","-0.00149486413479322","-7.11051729337691e-05"
"MVPA_dur","PA","A","-0.00182785078466888","0.00174485449253232","8.2996292136567e-05"
"sed_dur_M10","PA","A","0.00209442034924846","-0.00199932006829501","-9.51002809534504e-05"
"light_dur_M10","PA","A","0.00367306938789355","-0.00350628819190511","-0.000166781195988445"
"mod_dur_M10","PA","A","-0.00182785078466888","0.00174485449253232","8.2996292136567e-05"
"vig_dur_M10","PA","A","0.00156596930772698","-0.00149486413479322","-7.11051729337691e-05"
"MVPA_dur_M10","PA","A","-0.00182785078466888","0.00174485449253232","8.2996292136567e-05"
"sed_dur_24h","PA","A","-0.00184521860322467","0.00176143369937279","8.37849038518784e-05"
"light_dur_24h","PA","A","0.00156596930772698","-0.00149486413479322","-7.11051729337691e-05"
"mod_dur_24h","PA","A","-0.00182785078466888","0.00174485449253232","8.2996292136567e-05"
"vig_dur_24h","PA","A","0.00156596930772698","-0.00149486413479322","-7.11051729337691e-05"
"MVPA_dur_24h","PA","A","-0.00182785078466888","0.00174485449253232","8.2996292136567e-05"
"mean_r","PA","A","-0.00184521860322467","0.00176143369937279","8.37849038518784e-05"
"mean_a","PA","A","-0.00366038965697544","0.00349418420308822","0.00016620545388722"
"SATP","PA","A","0.00156596930772698","-0.00149486413479322","-7.11051729337691e-05"
"ASTP","PA","A","0.00367306938789355","-0.00350628819190511","-0.000166781195988445"
"Gini_r","PA","A","-0.00366038965697544","0.00349418420308822","0.00016620545388722"
"Gini_a","PA","A","-0.00182785078466888","0.00174485449253232","8.2996292136567e-05"
"alpha_r","PA","A","0.00156596930772698","-0.00149486413479322","-7.11051729337691e-05"
"alpha_a","PA","A","0.00367306938789355","-0.00350628819190511","-0.000166781195988445"
"h_r","PA","A","-0.00366038965697544","0.00349418420308822","0.00016620545388722"
"h_a","PA","A","0.00209442034924846","-0.00199932006829501","-9.51002809534504e-05"
"dur_day_total_IN_min","PA","A","0.00236546121056227","-0.00225805391489229","-0.000107407295669984"
"dur_day_total_LIG_min","PA","A","-0.000649224396479681","0.000619745394077319","2.94790024023624e-05"
"dur_day_total_MOD_min","PA","A","-0.000649224396479681","0.000619745394077319","2.94790024023624e-05"
"dur_day_total_VIG_min","PA","A","-0.000649224396479681","0.000619745394077319","2.94790024023624e-05"
"dur_day_MVPA_bts_10_min","PA","A","-0.000649224396479681","0.000619745394077319","2.94790024023624e-05"
"dur_day_MVPA_bts_5_10_min","PA","A","-0.000649224396479681","0.000619745394077319","2.94790024023624e-05"
"dur_day_MVPA_bts_1_5_min","PA","A","-0.000649224396479681","0.000619745394077319","2.94790024023624e-05"
"Nbouts_day_IN_bts_30","PA","A","-0.000649224396479681","0.000619745394077319","2.94790024023624e-05"
"Nbouts_day_IN_bts_20_30","PA","A","-0.000649224396479681","0.000619745394077319","2.94790024023624e-05"
"Nbouts_day_IN_bts_10_20","PA","A","0.00236546121056227","-0.00225805391489229","-0.000107407295669984"
"Nbouts_day_LIG_bts_5_10","PA","A","-0.000649224396479681","0.000619745394077319","2.94790024023624e-05"
"Nbouts_day_LIG_bts_1_5","PA","A","-0.000649224396479681","0.000619745394077319","2.94790024023624e-05"
"Nbouts_day_MVPA_bts_10","PA","A","-0.000649224396479681","0.000619745394077319","2.94790024023624e-05"
"Nbouts_day_MVPA_bts_5_10","PA","A","-0.000649224396479681","0.000619745394077319","2.94790024023624e-05"
"Nbouts_day_MVPA_bts_1_5","PA","A","-0.000649224396479681","0.000619745394077319","2.94790024023624e-05"
"Nblocks_day_total_IN","PA","A","-0.000649224396479681","0.000619745394077319","2.94790024023624e-05"
"Nblocks_day_total_LIG","PA","A","-0.000649224396479681","0.000619745394077319","2.94790024023624e-05"
"Nblocks_day_total_MOD","PA","A","-0.000649224396479681","0.000619745394077319","2.94790024023624e-05"
"Nblocks_day_total_VIG","PA","A","-0.000649224396479681","0.000619745394077319","2.94790024023624e-05"
"sd_TAC","PA","A","-0.00366038965697544","0.00349418420308822","0.00016620545388722"
"sd_TLAC","PA","A","-0.00366038965697544","0.00349418420308822","0.00016620545388722"
"sd_TAC_24h","PA","A","-0.00182785078466888","0.00174485449253232","8.2996292136567e-05"
"sd_TLAC_24h","PA","A","-0.00366038965697544","0.00349418420308822","0.00016620545388722"
"sd_sed_dur","PA","A","-0.00366038965697544","0.00349418420308822","0.00016620545388722"
"sd_light_dur","PA","A","0.00156596930772698","-0.00149486413479322","-7.11051729337691e-05"
"sd_mod_dur","PA","A","-0.00182785078466888","0.00174485449253232","8.2996292136567e-05"
"sd_vig_dur","PA","A","0.00156596930772698","-0.00149486413479322","-7.11051729337691e-05"
"sd_MVPA_dur","PA","A","-0.00182785078466888","0.00174485449253232","8.2996292136567e-05"
"sd_sed_dur_M10","PA","A","0.00367306938789355","-0.00350628819190511","-0.000166781195988445"
"sd_light_dur_M10","PA","A","0.00156596930772698","-0.00149486413479322","-7.11051729337691e-05"
"sd_mod_dur_M10","PA","A","0.00156596930772698","-0.00149486413479322","-7.11051729337691e-05"
"sd_vig_dur_M10","PA","A","0.00156596930772698","-0.00149486413479322","-7.11051729337691e-05"
"sd_MVPA_dur_M10","PA","A","0.00156596930772698","-0.00149486413479322","-7.11051729337691e-05"
"sd_sed_dur_24h","PA","A","0.00156596930772698","-0.00149486413479322","-7.11051729337691e-05"
"sd_light_dur_24h","PA","A","0.00156596930772698","-0.00149486413479322","-7.11051729337691e-05"
"sd_mod_dur_24h","PA","A","0.00156596930772698","-0.00149486413479322","-7.11051729337691e-05"
"sd_vig_dur_24h","PA","A","0.00156596930772698","-0.00149486413479322","-7.11051729337691e-05"
"sd_MVPA_dur_24h","PA","A","0.00156596930772698","-0.00149486413479322","-7.11051729337691e-05"
"sd_mean_r","PA","A","-0.00184521860322467","0.00176143369937279","8.37849038518784e-05"
"sd_mean_a","PA","A","-0.00366038965697544","0.00349418420308822","0.00016620545388722"
"sd_SATP","PA","A","0.00156596930772698","-0.00149486413479322","-7.11051729337691e-05"
"sd_ASTP","PA","A","0.00367306938789355","-0.00350628819190511","-0.000166781195988445"
"sd_Gini_r","PA","A","0.00367306938789355","-0.00350628819190511","-0.000166781195988445"
"sd_Gini_a","PA","A","0.00209442034924846","-0.00199932006829501","-9.51002809534504e-05"
"sd_alpha_r","PA","A","0.00367306938789355","-0.00350628819190511","-0.000166781195988445"
"sd_alpha_a","PA","A","0.00367306938789355","-0.00350628819190511","-0.000166781195988445"
"sd_h_r","PA","A","-0.00366038965697544","0.00349418420308822","0.00016620545388722"
"sd_h_a","PA","A","0.00367306938789355","-0.00350628819190511","-0.000166781195988445"
"sd_dur_day_total_IN_min","PA","A","-0.000649224396479681","0.000619745394077319","2.94790024023624e-05"
"sd_dur_day_total_LIG_min","PA","A","-0.000649224396479681","0.000619745394077319","2.94790024023624e-05"
"sd_dur_day_total_MOD_min","PA","A","-0.000649224396479681","0.000619745394077319","2.94790024023624e-05"
"sd_dur_day_total_VIG_min","PA","A","-0.000649224396479681","0.000619745394077319","2.94790024023624e-05"
"sd_dur_day_MVPA_bts_10_min","PA","A","-0.000649224396479681","0.000619745394077319","2.94790024023624e-05"
"sd_dur_day_MVPA_bts_5_10_min","PA","A","-0.000649224396479681","0.000619745394077319","2.94790024023624e-05"
"sd_dur_day_MVPA_bts_1_5_min","PA","A","-0.000649224396479681","0.000619745394077319","2.94790024023624e-05"
"sd_Nbouts_day_IN_bts_30","PA","A","-0.000649224396479681","0.000619745394077319","2.94790024023624e-05"
"sd_Nbouts_day_IN_bts_20_30","PA","A","-0.000649224396479681","0.000619745394077319","2.94790024023624e-05"
"sd_Nbouts_day_IN_bts_10_20","PA","A","0.00236546121056227","-0.00225805391489229","-0.000107407295669984"
"sd_Nbouts_day_LIG_bts_5_10","PA","A","-0.000649224396479681","0.000619745394077319","2.94790024023624e-05"
"sd_Nbouts_day_LIG_bts_1_5","PA","A","-0.000649224396479681","0.000619745394077319","2.94790024023624e-05"
"sd_Nbouts_day_MVPA_bts_10","PA","A","-0.000649224396479681","0.000619745394077319","2.94790024023624e-05"
"sd_Nbouts_day_MVPA_bts_5_10","PA","A","-0.000649224396479681","0.000619745394077319","2.94790024023624e-05"
"sd_Nbouts_day_MVPA_bts_1_5","PA","A","-0.000649224396479681","0.000619745394077319","2.94790024023624e-05"
"sd_Nblocks_day_total_IN","PA","A","-0.000649224396479681","0.000619745394077319","2.94790024023624e-05"
"sd_Nblocks_day_total_LIG","PA","A","-0.000649224396479681","0.000619745394077319","2.94790024023624e-05"
"sd_Nblocks_day_total_MOD","PA","A","-0.000649224396479681","0.000619745394077319","2.94790024023624e-05"
"sd_Nblocks_day_total_VIG","PA","A","-0.000649224396479681","0.000619745394077319","2.94790024023624e-05"
"L5TIME_num","CR","A","0","0","0"
"M10TIME_num","CR","A","0","0","0"
"L5VALUE","CR","A","0","0","0"
"M10VALUE","CR","A","0","0","0"
"RA_ggir","CR","A","0","0","0"
"L5","CR","A","0","0","0"
"M10","CR","A","0","0","0"
"L5TIME","CR","A","0","0","0"
"M10TIME","CR","A","0","0","0"
"RA","CR","A","0","0","0"
"IV","CR","A","0","0","0"
"IS","CR","A","0","0","0"
"IV_intradailyvariability","CR","A","0","0","0"
"IS_interdailystability","CR","A","0","0","0"
"mesor","CR","A","0","0","0"
"amp","CR","A","0","0","0"
"acro","CR","A","0","0","0"
"mesor_L","CR","A","0","0","0"
"amp_L","CR","A","0","0","0"
"acro_L","CR","A","0","0","0"
"PC1","CR","A","0","0","0"
"PC2","CR","A","0","0","0"
"PC3","CR","A","0","0","0"
"PC4","CR","A","0","0","0"
"PC5","CR","A","0","0","0"
"PC6","CR","A","0","0","0"
"PC7","CR","A","0","0","0"
"PC8","CR","A","0","0","0"
"PC9","CR","A","0","0","0"
"PC10","CR","A","0","0","0"
"sd_L5TIME_num","CR","A","0","0","0"
"sd_M10TIME_num","CR","A","0","0","0"
"sd_L5VALUE","CR","A","0","0","0"
"sd_M10VALUE","CR","A","0","0","0"
"sd_RA_ggir","CR","A","0","0","0"
"sd_L5","CR","A","0","0","0"
"sd_M10","CR","A","0","0","0"
"sd_L5TIME","CR","A","0","0","0"
"sd_M10TIME","CR","A","0","0","0"
"sd_RA","CR","A","0","0","0"
"sd_IV","CR","A","0","0","0"
